delete from  `page` where `title`='5. Период важења докумената';
delete from  `page` where `title`='6. Прегледи снага и капацитета';

insert into `page` (`page_id`,`title`,`type`,`risk_type`,`attachable_photos`,`parent_id`,`order`) values
 ('5553','5. Период важења докумената','PERIODVAZENJA',0,0,null,5),
 ('5554','6. Прегледи снага и капацитета','MENU',0,0,null,6);

INSERT INTO `page` (`page_id`,`title`,`type`,`risk_type`,`attachable_photos`,`parent_id`,`order`) values
('5555','Обавезни обрасци за националну базу','TABLE',0,0,'5554',1),
('5556','Евиденциони картони','KARTONI',0,0,'5554',3),
('5557', 'Преглед капацитета за спровођење мера цивилне заштите који се ангажују у','TABLE',0,0,'5554',2),
('5558','Збирни преглед','ZBIRNI',0,0,'5554',4);

INSERT INTO `table_definition` (`table_id`,`page_id`,`order`,`user_defined`,`title`) VALUES
('5001', '5557', '1', '0', 'Преглед капацитета за спровођење мера цивилне заштите који се ангажују у евакуацији'),
('5002', '5557', '2', '0', 'Преглед капацитета за спровођење мера цивилне заштите који се ангажују у збрињавању угрожених и настрадалих'),
('5003', '5557', '3', '0', 'Преглед капацитета за спровођење мера цивилне заштите који се ангажују у првој и медицинској помоћи и лабараторије'),
('5004', '5557', '4', '0', 'Преглед капацитета за спровођење мера цивилне заштите који се ангажују у асанацији терена');


INSERT INTO `table_column`
(`column_id_internal`, `table_definition_id`, `order`, `title`, `type`, `is_dynamic`, `col_span`, `row2`, `col_span2`) VALUES
('50011', '5001', '1', 'Власник капацитета за спровођење мере ЦЗ', 'STRING', '0', '1', NULL, '0'),
('50012', '5001', '2', 'Адреса', 'STRING', '0', '1', NULL, '0'),
('50013', '5001', '3', 'Телефон', 'STRING', '0', '1', NULL, '0'),
('50014', '5001', '4', 'Е-маил адреса', 'STRING', '0', '1', NULL, '0'),
('50015', '5001', '5', 'Одговорно лице', 'STRING', '0', '4','Име и презиме ', '1'),
('50016', '5001', '6', NULL, 'STRING', '0', '0', 'Телефон фиксни', '1'),
('50017', '5001', '7', NULL, 'STRING', '0', '0', 'Телефон мобилни', '1'),
('50018', '5001', '8', NULL, 'STRING', '0', '0', 'Е-маил адреса', '1'), 

('50019', '5001', '9', 'Адреса локације капацитета', 'STRING', '0', '1', NULL, '0'),
('500110', '5001', '10', 'Географска ширина локације капацитета', 'STRING', '0', '1', NULL, '0'),
('500111', '5001', '11', 'Географска дужина  локације капацитета', 'STRING', '0', '1', NULL, '0'),
('500112', '5001', '12', 'Надлежна организациона јединица СВС која води евиденцију', 'STRING', '0', '1', NULL, '0'),

('500113', '5001', '13', 'Напомена (опис капацитета)', 'STRING', '0', '1', NULL, '0'),

('500114', '5001', '14', 'Врста капацитета/јединица мере','NUMBER', '0','6', 'Превоз људи/број особа у једној тури)','1'),
('500115', '5001', '15', NULL, 'NUMBER', '0', '0', 'Превоз сточног фонда/број грла крупне стоке у једној тури', '1'),
('500116', '5001', '16', NULL, 'NUMBER', '0', '0','Превоз сточног фонда/број ситне стоке у једној тури', '1'),
('500117', '5001', '17', NULL, 'NUMBER', '0', '0','Превоз сточног фонда/број живине у једној тури', '1'),
('500118', '5001', '18', NULL, 'NUMBER', '0', '0','Превоз материјалних и културних добара/м3 у једној тури', '1'),
('500119', '5001', '19', NULL, 'NUMBER', '0', '0','Превоз материјалних и културних добара/тона у једној тури', '1');




INSERT INTO `table_column`
(`column_id_internal`, `table_definition_id`, `order`, `title`, `type`, `is_dynamic`, `col_span`, `row2`, `col_span2`) VALUES
('50021', '5002', '1', 'Власник капацитета за спровођење мере ЦЗ', 'STRING', '0', '1', NULL, '0'),
('50022', '5002', '2', 'Адреса', 'STRING', '0', '1', NULL, '0'),
('50023', '5002', '3', 'Телефон', 'STRING', '0', '1', NULL, '0'),
('50024', '5002', '4', 'Е-маил адреса', 'STRING', '0', '1', NULL, '0'),

('50025', '5002', '5', 'Одговорно лице', 'STRING', '0', '4','Име и презиме ', '1'),
('50026', '5002', '6', NULL, 'STRING', '0', '0', 'Телефон фиксни', '1'),
('50027', '5002', '7', NULL, 'STRING', '0', '0', 'Телефон мобилни', '1'),
('50028', '5002', '8', NULL, 'STRING', '0', '0', 'Е-маил адреса', '1'), 

('50029', '5002', '9', 'Адреса локације капацитета', 'STRING', '0', '1', NULL, '0'),
('500210', '5002', '10', 'Географска ширина локације капацитета', 'STRING', '0', '1', NULL, '0'),
('500211', '5002', '11', 'Географска дужина  локације капацитета', 'STRING', '0', '1', NULL, '0'),
('500212', '5002', '12', 'Надлежна организациона јединица СВС која води евиденцију', 'STRING', '0', '1', NULL, '0'),
('500213', '5002', '13', 'Напомена (опис капацитета)', 'STRING', '0', '1', NULL, '0'),

('500214', '5002', '14', 'Врста капацитета/јединица мере','NUMBER', '0','7', 'Смештај угрожених и настрадалих/број особа који се може сместити)', '1'),
('500215', '5002', '15', NULL, 'NUMBER', '0', '0','Исхрана угрожених и настрадалих/број топлих оброка који се дневно може припремити', '1'),
('500216', '5002', '16', NULL, 'NUMBER', '0', '0','Исхрана угрожених и настрадалих/број сувих оброка', '1'),
('500217', '5002', '17', NULL, 'NUMBER', '0', '0','Снабдевање флашираном водом/литара на дневном нивоу', '1'),
('500218', '5002', '18', NULL, 'NUMBER', '0', '0','Смештај сточног фонда/број грла крупне стоке', '1'),
('500219', '5002', '19', NULL, 'NUMBER', '0', '0','Смештај сточног фонда/број ситне стоке', '1'),
('500220', '5002', '20', NULL, 'NUMBER', '0', '0','Смештај сточног фонда/број живине', '1');

INSERT INTO `table_column`
(`column_id_internal`, `table_definition_id`, `order`, `title`, `type`, `is_dynamic`, `col_span`, `row2`, `col_span2`) VALUES
('50031', '5003', '1', 'Власник капацитета за спровођење мере ЦЗ', 'STRING', '0', '1', NULL, '0'),
('50032', '5003', '2', 'Адреса', 'STRING', '0', '1', NULL, '0'),
('50033', '5003', '3', 'Телефон', 'STRING', '0', '1', NULL, '0'),
('50034', '5003', '4', 'Е-маил адреса', 'STRING', '0', '1', NULL, '0'),

('50035', '5003', '5', 'Одговорно лице', 'STRING', '0', '4','Име и презиме ', '1'),
('50036', '5003', '6', NULL, 'STRING', '0', '0', 'Телефон фиксни', '1'),
('50037', '5003', '7', NULL, 'STRING', '0', '0', 'Телефон мобилни', '1'),
('50038', '5003', '8', NULL, 'STRING', '0', '0', 'Е-маил адреса', '1'), 

('50039', '5003', '9', 'Адреса локације капацитета', 'STRING', '0', '1', NULL, '0'),
('500310', '5003', '10', 'Географска ширина локације капацитета', 'STRING', '0', '1', NULL, '0'),
('500311', '5003', '11', 'Географска дужина  локације капацитета', 'STRING', '0', '1', NULL, '0'),
('500312', '5003', '12', 'Надлежна организациона јединица СВС која води евиденцију', 'STRING', '0', '1', NULL, '0'),
('500313', '5003', '13', 'Напомена (опис капацитета)', 'STRING', '0', '1', NULL, '0'),

('500314', '5003', '14', 'Врста капацитета/јединица мере','NUMBER', '0','12', 'Здравствена екипа теренска- број екипа/број људи у екипи)', '1'),
('500315', '5003', '15', NULL, 'NUMBER', '0', '0','Екипа хитне медицинске помоћи- број екипа/број људи у екипи', '1'),
('500316', '5003', '16', NULL, 'NUMBER', '0', '0','Хемијска лабораторија- број лабораторијских анализа/час', '1'),
('500317', '5003', '17', NULL, 'NUMBER', '0', '0','Биохемијска лабораторија- број лабораторијских анализа/час', '1'),
('500318', '5003', '18', NULL, 'NUMBER', '0', '0','Медицинско-биохемијска лабораторија - број лабораторијских анализа/час', '1'),
('500319', '5003', '19', NULL, 'NUMBER', '0', '0','Микробиолошка лабораторија- број лабораторијских анализа/час', '1'),
('500320', '5003', '20', NULL, 'NUMBER', '0', '0','Ветеринарска лобораторија- број лабораторијских анализа/час', '1'),
('500321', '5003', '21', NULL, 'NUMBER', '0', '0','Болнички смештај- број планираних болничких кревета', '1'),
('500322', '5003', '22', NULL, 'NUMBER', '0', '0','Екипа за контролу квалитета и исправности воде- број екипа/број људи у екипи', '1'),
('500323', '5003', '23', NULL, 'NUMBER', '0', '0','Екипа за контролу квалитета и исправности хране- број екипа/број људи у екипи', '1'),
('500324', '5003', '24', NULL, 'NUMBER', '0', '0','Екипа за имунизацију људства против заразних болести- број екипа/број људи у екипи', '1'),
('500325', '5003', '25', NULL, 'NUMBER', '0', '0','Екипа за санитарни надзор- број екипа/број људи у екипи', '1');

INSERT INTO `table_column`
(`column_id_internal`, `table_definition_id`, `order`, `title`, `type`, `is_dynamic`, `col_span`, `row2`, `col_span2`) VALUES
('50041', '5004', '1', 'Власник капацитета за спровођење мере ЦЗ', 'STRING', '0', '1', NULL, '0'),
('50042', '5004', '2', 'Адреса', 'STRING', '0', '1', NULL, '0'),
('50043', '5004', '3', 'Телефон', 'STRING', '0', '1', NULL, '0'),
('50044', '5004', '4', 'Е-маил адреса', 'STRING', '0', '1', NULL, '0'),

('50045', '5004', '5', 'Одговорно лице', 'STRING', '0', '4','Име и презиме ', '1'),
('50046', '5004', '6', NULL, 'STRING', '0', '0', 'Телефон фиксни', '1'),
('50047', '5004', '7', NULL, 'STRING', '0', '0', 'Телефон мобилни', '1'),
('50048', '5004', '8', NULL, 'STRING', '0', '0', 'Е-маил адреса', '1'), 

('50049', '5004', '9', 'Адреса локације капацитета', 'STRING', '0', '1', NULL, '0'),
('500410', '5004', '10', 'Географска ширина локације капацитета', 'STRING', '0', '1', NULL, '0'),
('500411', '5004', '11', 'Географска дужина  локације капацитета', 'STRING', '0', '1', NULL, '0'),
('500412', '5004', '12', 'Надлежна организациона јединица СВС која води евиденцију', 'STRING', '0', '1', NULL, '0'),
('500413', '5004', '13', 'Напомена (опис капацитета)', 'STRING', '0', '1', NULL, '0'),

('500414', '5004', '14', 'Врста капацитета/јединица мере','NUMBER', '0','5', 'Екипа за дезинсекцију- број екипа/број људи у екипи', '1'),
('500415', '5004', '15', NULL, 'NUMBER', '0', '0','Екипа за дезинфекцију- број екипа/број људи у екипи', '1'),
('500416', '5004', '16', NULL, 'NUMBER', '0', '0','Екипа за дератизацију- број екипа/број људи у екипи', '1'),
('500417', '5004', '17', NULL, 'NUMBER', '0', '0','Екипа за поправку водоводне мреже- број екипа/број људи у екипи', '1'),
('500418', '5004', '18', NULL, 'NUMBER', '0', '0','Екипа за поправку канализационе мреже- број екипа/број људи у екипи', '1');




INSERT INTO `table_definition` (`table_id`,`page_id`,`order`,`user_defined`,`title`) VALUES
('6001', '5555', '1', '0', 'Преглед ситуационих центара'),
('6003', '5555', '2', '0', 'Преглед повереника цивилне заштите и заменика повереника'),
('6002', '5555', '3', '0', 'Преглед сирена'),
('6004', '5555', '4', '0', 'Преглед јединица цивилне заштите');


INSERT INTO `table_column`
(`column_id`,`column_id_internal`, `table_definition_id`, `order`, `title`, `type`, `is_dynamic`, `col_span`, `row2`, `col_span2`) VALUES
('60011','60011', '6001', '1', 'Руководилац Ситуационог центра', 'STRING', '0', '1', NULL, '0'),
('60012','60012', '6001', '2', 'Контакт телефони', 'STRING', '0', '1', NULL, '0'),
('60013','60013', '6001', '3', 'Планирано -број припадника', 'NUMBER', '0', '1', NULL, '0'),
('60014','60014', '6001', '4', 'Попуњено -број припадника', 'NUMBER', '0', '1', NULL, '0'),
('60015','60015', '6001', '5', 'Укупан број припадника који су завршили обуку', 'NUMBER', '0', '1',NULL, '0');




INSERT INTO `table_column`
(`column_id`,`column_id_internal`, `table_definition_id`, `order`, `title`, `type`, `is_dynamic`, `col_span`, `row2`, `col_span2`) VALUES
('60031','60031', '6003', '1', 'Назив насеља/ привредног друштва/ другог правног лица/ органа ЈЛС', 'STRING', '0', '1', NULL, '0'),
('60032','60032', '6003', '2', 'Број именованих повереника за насеља', 'NUMBER', '0', '1', NULL, '0'),
('60033','60033', '6003', '3', 'Број именованих заменика за насеља', 'NUMBER', '0', '1', NULL, '0'),
('60034','60034', '6003', '4', 'Број именованих повереника за органе ЈЛС', 'NUMBER', '0', '1', NULL, '0'),
('60035','60035', '6003', '5', 'Број именованих заменика за органе ЈЛС', 'NUMBER', '0', '1',NULL, '0'),
('60036','60036', '6003', '6', 'Број именованих повереника у привредним друштвима и другим правним лицима', 'NUMBER', '0', '1',NULL, '0'),
('60037','60037', '6003', '8', 'Укупно', 'SUM', '0', '1',NULL, '0'),
('60038','60038', '6003', '7', 'Број именованих заменика у привредним друштвима и другим правним лицима', 'NUMBER', '0', '1',NULL, '0'),
('60039','60039', '6003', '9', 'Укупан број повереника и заменика који су завршили обуку ', 'NUMBER', '0', '1',NULL, '0');


INSERT INTO `table_column_sum` (`column_id`, `sum_column_id`) VALUES
('60037','60032'),
('60037','60033'),
('60037','60034'),
('60037','60035'),
('60037','60036'),
('60037','60038');


INSERT INTO `table_column`
(`column_id`,`column_id_internal`, `table_definition_id`, `order`, `title`, `type`, `is_dynamic`, `col_span`, `row2`, `col_span2`) VALUES
('60041','60041', '6004', '1', 'Назив јединице', 'STRING', '0', '1', NULL, '0'),
('60042','60042', '6004', '2', 'Врста јединице цивилне заштите', 'ENUM', '0', '1', NULL, '0'),
('60044','60044', '6004', '4', 'Планирано -број припадника', 'NUMBER', '0', '1', NULL, '0'),
('60045','60045', '6004', '5', 'Попуњено -број припадника', 'NUMBER', '0', '1',NULL, '0'),
('60046','60046', '6004', '6', 'Укупан број обучаваних јединица', 'NUMBER', '0', '1',NULL, '0'),
('60047','60047', '6004', '7', 'Укупан број припадника који су завршили обуку', 'NUMBER', '0', '1',NULL, '0');

INSERT INTO `table_column_value` (`id`, `column_id`, `value`, `order`) VALUES 
('600041', '60042', 'Јединице ЦЗ опште намене', '1'),
('600042', '60042', 'Специјализована jединица ЦЗ за узбуњивање', '2');



INSERT INTO `table_column`
(`column_id`,`column_id_internal`, `table_definition_id`, `order`, `title`, `type`, `is_dynamic`, `col_span`, `row2`, `col_span2`) VALUES
('60021','60021', '6002', '1', 'Ознака', 'STRING', '0', '1', NULL, '0'),
('60022','60022', '6002', '2', 'Адреса', 'STRING', '0', '1', NULL, '0'),
('60023','60023', '6002', '3', 'Географска ширина', 'STRING', '0', '1', NULL, '0'),
('60024','60024', '6002', '4', 'Географска дужина', 'STRING', '0', '1', NULL, '0'),
('60025','60025', '6002', '5', 'Врста сирене', 'ENUM', '0', '1', NULL, '0'),
('60026','60026', '6002', '6', 'Напомена(исправна/неисправна)', 'SUM', '0', '1',NULL, '0');


INSERT INTO `table_column_value` (`id`, `column_id`, `value`, `order`) VALUES 
('600021', '60025', 'Електронска', '1'),
('600022', '60025', 'Електрична', '2'),
('600023', '60025', 'Пнеуматска', '3');
